"File","Words"
"C:\Users\Chris\Documents\GitHub\CoLaminar\shared\README.md","14"
"C:\Users\Chris\Documents\GitHub\CoLaminar\docs\status\README.md","24"
"C:\Users\Chris\Documents\GitHub\CoLaminar\CODE_OF_CONDUCT.md","27"
"C:\Users\Chris\Documents\GitHub\CoLaminar\SECURITY.md","33"
"C:\Users\Chris\Documents\GitHub\CoLaminar\.github\ISSUE_TEMPLATE\feature_request.md","35"
"C:\Users\Chris\Documents\GitHub\CoLaminar\.github\pull_request_template.md","36"
"C:\Users\Chris\Documents\GitHub\CoLaminar\docs\engineering\Android_Plan.md","38"
"C:\Users\Chris\Documents\GitHub\CoLaminar\.github\ISSUE_TEMPLATE\bug_report.md","41"
"C:\Users\Chris\Documents\GitHub\CoLaminar\docs\engineering\Security_Privacy.md","42"
"C:\Users\Chris\Documents\GitHub\CoLaminar\docs\status\BPOE.md","46"
"C:\Users\Chris\Documents\GitHub\CoLaminar\docs\product\KidMode_Compliance.md","48"
"C:\Users\Chris\Documents\GitHub\CoLaminar\CONTRIBUTING.md","52"
"C:\Users\Chris\Documents\GitHub\CoLaminar\docs\business\Positioning.md","53"
"C:\Users\Chris\Documents\GitHub\CoLaminar\shared\docs\LESSONS.md","55"
"C:\Users\Chris\Documents\GitHub\CoLaminar\docs\engineering\Extension_TechSpec.md","55"
"C:\Users\Chris\Documents\GitHub\CoLaminar\docs\engineering\iOS_Safari_ContentBlocker_Plan.md","56"
"C:\Users\Chris\Documents\GitHub\CoLaminar\docs\business\BrandBrief.md","68"
"C:\Users\Chris\Documents\GitHub\CoLaminar\docs\engineering\Architecture.md","114"
"C:\Users\Chris\Documents\GitHub\CoLaminar\shared\docs\WORKFLOWS.md","129"
"C:\Users\Chris\Documents\GitHub\CoLaminar\docs\product\Roadmap.md","130"
"C:\Users\Chris\Documents\GitHub\CoLaminar\README.md","131"
